<?xml version="1.0" encoding="UTF-8"?>
<!--
  Copyright 2008 Federal Chancellery Austria and
  Graz University of Technology

  Licensed under the Apache License, Version 2.0 (the "License");
  you may not use this file except in compliance with the License.
  You may obtain a copy of the License at

      http://www.apache.org/licenses/LICENSE-2.0

  Unless required by applicable law or agreed to in writing, software
  distributed under the License is distributed on an "AS IS" BASIS,
  WITHOUT WARRANTIES OR CONDITIONS OF ANY KIND, either express or implied.
  See the License for the specific language governing permissions and
  limitations under the License.
-->

<!--
 |   User configuration file. (defaultConf.properties is migrated to this file)
-->
<beans xmlns="http://www.springframework.org/schema/beans"
  xmlns:xsi="http://www.w3.org/2001/XMLSchema-instance" xmlns:tx="http://www.springframework.org/schema/tx"
  xsi:schemaLocation="http://www.springframework.org/schema/beans http://www.springframework.org/schema/beans/spring-beans-2.0.xsd
                      http://www.springframework.org/schema/tx http://www.springframework.org/schema/tx/spring-tx-2.0.xsd">

  <!-- BKU Common (ie. main) Configurator -->
  <bean id="configuration" class="at.gv.egiz.bku.conf.Configuration">
    <property name="maxDataUrlHops" value="50"/>
  </bean>

  <bean id="smccConfiguration" class="at.gv.egiz.smcc.conf.SMCCConfiguration">
    <!-- 
     | Disable Pinpad and allow keyboard (software) pin entry even for class 2 smartcard readers
    <property name="disablePinpad" value="true"/-->
  </bean>

  <bean id="readerFactory" class="at.gv.egiz.smcc.ccid.ReaderFactory" factory-method="getInstance">
    <property name="configuration" ref="smccConfiguration"/>
  </bean>

</beans>
